id,im_w,im_h,im_x,im_y,obj_x,obj_y,obj_w,obj_h,berry_size,az,alt,dx,dy
id,im_w,im_h,im_x,im_y,obj_x,obj_y,obj_w,obj_h,berry_size,az,alt,dx,dy
2024-08-16 09:28:28.932197,640,480,320,240,320,296,29.364837646484375,32.777252197265625,962.4986892705783,77.890625,64.69999999999996,0,-56
