id,im_w,im_h,im_x,im_y,obj_x,obj_y,obj_w,obj_h,berry_size,az,alt,dx,dy
2024-08-16 09:23:21.340400,640,480,320,240,370,354,20.969696044921875,20.79864501953125,436.1412642057985,75.0625,56.94999999999993,-50,-114
id,im_w,im_h,im_x,im_y,obj_x,obj_y,obj_w,obj_h,berry_size,az,alt,dx,dy
