id,im_w,im_h,im_x,im_y,obj_x,obj_y,obj_w,obj_h,berry_size,az,alt,dx,dy
id,im_w,im_h,im_x,im_y,obj_x,obj_y,obj_w,obj_h,berry_size,az,alt,dx,dy
2024-08-15 10:05:05.513224,640,480,320,240,362,259,22.790374755859375,26.037582397460938,593.4062605747022,52.8046875,68.80000000000008,-42,-19
