id,im_w,im_h,im_x,im_y,obj_x,obj_y,obj_w,obj_h,berry_size,az,alt,dx,dy
2024-08-15 10:01:56.210679,640,480,320,240,347,403,19.59063720703125,24.0965576171875,472.0669182166457,75.953125,69.3,-27,-163
