id,im_w,im_h,im_x,im_y,obj_x,obj_y,obj_w,obj_h,berry_size,az,alt,dx,dy
2024-08-15 10:05:49.751383,640,480,320,240,361,202,24.744842529296875,25.063735961914062,620.1981995734386,59.203125,76.85000000000004,-41,38
