id,im_w,im_h,im_x,im_y,obj_x,obj_y,obj_w,obj_h,berry_size,az,alt,dx,dy
2024-08-15 10:05:20.486006,640,480,320,240,386,286,30.6038818359375,29.35528564453125,898.3856931254268,66.875,72.75000000000009,-66,-46
