id,im_w,im_h,im_x,im_y,obj_x,obj_y,obj_w,obj_h,berry_size,az,alt,dx,dy
2024-08-15 10:02:08.641359,640,480,320,240,285,345,15.751617431640625,21.134857177734375,332.90818473603576,65.0625,72.89999999999999,35,-105
