id,im_w,im_h,im_x,im_y,obj_x,obj_y,obj_w,obj_h,berry_size,az,alt,dx,dy
id,im_w,im_h,im_x,im_y,obj_x,obj_y,obj_w,obj_h,berry_size,az,alt,dx,dy
2024-08-16 09:24:45.810190,640,480,320,240,330,291,24.33367919921875,21.52032470703125,523.6686776839197,85.2734375,62.749999999999936,-10,-51
