id,im_w,im_h,im_x,im_y,obj_x,obj_y,obj_w,obj_h,berry_size,az,alt,dx,dy
2024-08-15 10:05:23.509635,640,480,320,240,314,271,25.990509033203125,28.46142578125,739.7269438654184,60.625,76.80000000000005,6,-31
