id,im_w,im_h,im_x,im_y,obj_x,obj_y,obj_w,obj_h,berry_size,az,alt,dx,dy
id,im_w,im_h,im_x,im_y,obj_x,obj_y,obj_w,obj_h,berry_size,az,alt,dx,dy
2024-08-15 10:04:48.424260,640,480,320,240,289,310,20.709625244140625,21.7474365234375,450.3812604211271,46.375,73.50000000000006,31,-70
