id,im_w,im_h,im_x,im_y,obj_x,obj_y,obj_w,obj_h,berry_size,az,alt,dx,dy
2024-08-15 10:02:38.282463,640,480,320,240,383,261,17.35516357421875,21.671844482421875,376.1184059474617,64.21875,78.20000000000002,-63,-21
