id,im_w,im_h,im_x,im_y,obj_x,obj_y,obj_w,obj_h,berry_size,az,alt,dx,dy
2024-08-15 10:02:31.194943,640,480,320,240,359,276,19.33685302734375,16.877410888671875,326.3560138363391,59.1015625,75.85000000000002,-39,-36
