id,im_w,im_h,im_x,im_y,obj_x,obj_y,obj_w,obj_h,berry_size,az,alt,dx,dy
id,im_w,im_h,im_x,im_y,obj_x,obj_y,obj_w,obj_h,berry_size,az,alt,dx,dy
2024-08-15 10:05:07.468284,640,480,320,240,435,254,27.7198486328125,28.06451416015625,777.9440844729543,64.875,68.70000000000009,-115,-14
